[
    {
        "link":"<serverUrl>/accounts/signin",
        "type":"post",
        "body":{
            "name":"<string>",
            "idNumber":"<number>",
            "idNumberConf":"<number>",
            "personalNumber":"<number>",
            "personalNumberConf":"<number>",
            "hogerNumber":"<number>",
            "hogerNumberConf":"<number>",
            "phoneNumber":"<number>",
            "birthDate":"<Date>",
            "password":"<numbers and letters>",
            "passwordConf":"<numbers and letters>"
        },
        "respond":{
            "header":{
                "authorization":"<token>"
            },
            "body":{
                "succeed":{
                    "success":"<true>"
                },
                "failed":{
                    "success":"<false>",
                    "errorCode":"<string>"
                }
            }
        }
    },
    {
        "link":"<serverUrl>/accounts/login",
        "type":"put",
        "body":{
            "personalNumber":"<number>",
            "password":"<numbers and letters>"
        },
        "respond":{
            "header":{
                "authorization":"<token>"
            },
            "body":{
                "succeed":{
                    "success":"<true>",
                    "data":{
                        "user":{
                            "name":"<string>",
                            "personalNumber":"<number>",
                            "phoneNumber":"<number>",
                            "myCourses":{
                                "admin":{
                                    "approved":"<Array<ObjectID>>",
                                    "pending":"<Array<ObjectID>>"
                                },
                                "participate":{
                                    "approved":"<Array<ObjectID>>",
                                    "pending":"<Array<ObjectID>>"
                                }
                            },
                            "createdAt":"<Date>",
                            "isSuperUser":"<boolean>"
                        }
                    }
                },
                "failed":{
                    "success":"<false>",
                    "errorCode":"<string>"
                }
            }
        }
    },
    {
        "link":"<serverUrl>/accounts/resetPasswordCheck",
        "type":"put",
        "body":{
            "personalNumber":"<number>",
            "idNumber":"<number>",
            "hogerNumber":"<number>"
        },
        "respond":{
            "header":{
                "authorization":"<token>"
            },
            "body":{
                "succeed":{
                    "success":"<true>"
                },
                "failed":{
                    "success":"<false>",
                    "errorCode":"<string>"
                }
            }
        }
    },
    {
        "link":"<serverUrl>/accounts/password",
        "type":"put",
        "header":{
            "authorization":"<token>"
        },
        "body":{
            "password":"<numbers and letters>",
            "passwordConf":"<numbers and letters>"
        },
        "respond":{
            "header":{
                "authorization":"<token>"
            },
            "body":{
                "succeed":{
                    "success":"<true>",
                    "data":{
                        "user":{
                            "name":"<string>",
                            "personalNumber":"<number>",
                            "phoneNumber":"<number>",
                            "myCourses":{
                                "admin":{
                                    "approved":"<Array<ObjectID>>",
                                    "pending":"<Array<ObjectID>>"
                                },
                                "participate":{
                                    "approved":"<Array<ObjectID>>",
                                    "pending":"<Array<ObjectID>>"
                                }
                            },
                            "createdAt":"<Date>",
                            "isSuperUser":"<boolean>"
                        }
                    }
                },
                "failed":{
                    "success":"<false>",
                    "errorCode":"<string>"
                }
            }
        }
    },
    {
        "link":"<serverUrl>/accounts/mine",
        "type":"get",
        "header":{
            "authorization":"<token>"
        },
        "respond":{
            "body":{
                "succeed":{
                    "success":"<true>",
                    "data":{
                        "user":{
                            "personalNumber":"<number>",
                            "phoneNumber":"<number>",
                            "name":"<string>",
                            "myCourses":{
                                "admin":{
                                    "approved":"<Array<ObjectID>>",
                                    "pending":"<Array<ObjectID>>"
                                },
                                "participate":{
                                    "approved":"<Array<ObjectID>>",
                                    "pending":"<Array<ObjectID>>"
                                }
                            },
                            "isSuperUser":"<boolean>",
                            "createdAt":"<Date>"
                        }
                    }
                },
                "failed":{
                    "success":"<false>",
                    "errorCode":"<string>"
                }
            }
        }
    },
    {
        "link":"<serverUrl>/accounts/multiple",
        "type":"get",
        "queries":{
            "userIds":"<Array<ObjectID>>"
        },
        "respond":{
            "body":{
                "succeed":{
                    "success":"<true>",
                    "data":{
                        "users":"<Array<User>>"
                    }
                },
                "failed":{
                    "success":"<false>",
                    "errorCode":"<string>"
                }
            }
        }
    },
    {
        "link":"<serverUrl>/accounts/myReviews",
        "type":"get",
        "header":{
            "authorization":"<token>"
        },
        "respond":{
            "body":{
                "succeed":{
                    "success":"<true>",
                    "data":{
                        "reviews":"<Array<Review>>"
                    }
                },
                "failed":{
                    "success":"<false>",
                    "errorCode":"<string>"
                }
            }
        }
    },
    {
        "link":"<serverUrl>/accounts/review",
        "type":"post",
        "header":{
            "authorization":"<token>"
        },
        "body":{
            "pupilId":"<ObjectID>",
            "courseId":"<ObjectID>",
            "title":"<string>",
            "description":"<string>",
            "isPublic":"<boolean>"
        },
        "respond":{
            "body":{
                "succeed":{
                    "success":"<true>",
                    "data":{
                        "review":{
                            "writerId":"<ObjectID>",
                            "pupilId":"<ObjectID>",
                            "courseId":"<ObjectID>",
                            "writerName":"<string>",
                            "courseName":"<string>",
                            "title":"<string>",
                            "description":"<string>",
                            "isCourseReview":"<boolean>",
                            "isPublic":"<boolean>",
                            "createdAt":"<Date>"                    
                        }
                    }
                },
                "failed":{
                    "success":"<false>",
                    "errorCode":"<string>"
                }
            }
        }
    },
    {
        "link":"<serverUrl>/accounts/forewardAdmin",
        "type":"put",
        "header":{
            "authorization":"<token>"
        },
        "body":{
            "courseId":"<ObjectID>",
            "recipientId":"<ObjectID>"
        },
        "respond":{
            "body":{
                "succeed":{
                    "success":"<true>",
                    "data":{
                        "user":{
                            "name":"<string>",
                            "personalNumber":"<number>",
                            "phoneNumber":"<number>",
                            "myCourses":{
                                "admin":{
                                    "approved":"<Array<ObjectID>>",
                                    "pending":"<Array<ObjectID>>"
                                },
                                "participate":{
                                    "approved":"<Array<ObjectID>>",
                                    "pending":"<Array<ObjectID>>"
                                }
                            }
                        }
                    }
                },
                "failed":{
                    "success":"<false>",
                    "errorCode":"<string>"
                }
            }
        }
    },
    {
        "link":"<serverUrl>/accounts/removeMyself",
        "type":"put",
        "header":{
            "authorization":"<token>"
        },
        "body":{
            "courseId":"<ObjectID>"
        },
        "respond":{
            "body":{
                "succeed":{
                    "success":"<true>",
                    "data":{
                        "user":{
                            "name":"<string>",
                            "personalNumber":"<number>",
                            "phoneNumber":"<number>",
                            "myCourses":{
                                "admin":{
                                    "approved":"<Array<ObjectID>>",
                                    "pending":"<Array<ObjectID>>"
                                },
                                "participate":{
                                    "approved":"<Array<ObjectID>>",
                                    "pending":"<Array<ObjectID>>"
                                }
                            },
                            "isSuperUser":"<boolean>",
                            "createdAt":"<Date>"
                        }
                    }
                },
                "failed":{
                    "success":"<false>",
                    "errorCode":"<string>"
                }
            }
        }
    },
    {
        "link":"<serverUrl>/accounts/reviews",
        "type":"get",
        "queries":{
            "courseId":"<ObjectID>",
            "pupileId":"<ObjectID>"
        },
        "header":{
            "authorization":"<token>"
        },
        "respond":{
            "body":{
                "succeed":{
                    "success":"<true>",
                    "data":{
                        "reviews":"<Array<Review>>"
                    }
                },
                "failed":{
                    "success":"<false>",
                    "errorCode":"<string>"
                }
            }
        }
    },
    {
        "link":"<serverUrl>/accounts/byPersonalNumber",
        "type":"get",
        "queries":{
            "personalNumber":"<number>"
        },
        "header":{
            "authorization":"<token>"
        },
        "respond":{
            "body":{
                "succeed":{
                    "success":"<true>",
                    "data":{
                        "user":{
                            "name":"<string>",
                            "personalNumber":"<number>",
                            "phoneNumber":"<number>",
                            "myCourses":{
                                "admin":{
                                    "approved":"<Array<ObjectID>>",
                                    "pending":"<Array<ObjectID>>"
                                },
                                "participate":{
                                    "approved":"<Array<ObjectID>>",
                                    "pending":"<Array<ObjectID>>"
                                }
                            },
                            "isSuperUser":"<boolean>",
                            "createdAt":"<Date>"
                        }
                    }
                },
                "failed":{
                    "success":"<false>",
                    "errorCode":"<string>"
                }
            }
        }
    },
    {
        "link":"<serverUrl>/accounts/search",
        "type":"get",
        "queries":{
            "name":"<string>"
        },
        "header":{
            "authorization":"<token>"
        },
        "body":{
            "succeed":{
                "success":"<true>",
                "data":{
                    "users":"<Array<User>>"
                }
            },
            "failed":{
                "success":"<false>",
                "errorCode":"<string>"
            }
        }
    },
    {
        "link":"<serverUrl>/courses/mine",
        "type":"get",
        "header":{
            "authorization":"<token>"
        },
        "respond":{
            "body":{
                "succeed":{
                    "success":"<true>",
                    "data":{
                        "courses":{
                            "admin":{
                                "approved":"<Array<Course>>",
                                "pending":"<Array<Course>>"
                            },
                            "participate":{
                                "approved":"<Array<Course>>",
                                "pending":"<Array<Course>>"
                            }
                        }
                    }
                },
                "failed":{
                    "success":"<false>",
                    "errorCode":"<string>"
                }
            }
        }
    },
    {
        "link":"<serverUrl>/courses/post",
        "type":"post",
        "header":{
            "authorization":"<token>"
        },
        "body":{
            "courseId":"<ObjectID>",
            "content":"<string>"
        },
        "respond":{
            "body":{
                "succeed":{
                    "success":"<true>",
                    "data":{
                        "post":{
                            "writerId":"<ObjectID>",
                            "writerName":"<string>",
                            "courseId":"<ObjectID>",
                            "courseName":"<string>",
                            "content":"<string>",
                            "createdAt":"<Date>"
                        }
                    }
                },
                "failed":{
                    "success":"<false>",
                    "errorCode":"<string>"
                }
            }
        }
    },
    {
        "link":"<serverUrl>/courses/approveParticipate",
        "type":"put",
        "header":{
            "authorization":"<token>"
        },
        "body":{
            "courseId":"<ObjectID>",
            "pupilId":"<ObjectID>"
        },
        "respond":{
            "body":{
                "succeed":{
                    "success":"<true>",
                    "data":{
                        "course":{
                            "name":"<string>",
                            "description":"<string>",
                            "coreFile":{
                                "link":"<link>",
                                "expireIn":"<Date>"
                            },
                            "dates":{
                                "from":"<Date>",
                                "to":"<Date>"
                            },
                            "admins":"<Array<ObjectID>>",
                            "pendingRequests":"<Array<ObjectID>>",
                            "participates":"<Array<ObjectID>>",
                            "reviews":"<Array<ObjectID>>",
                            "posts":"<Array<ObjectID>>",
                            "tags":"<Array<string>>",
                            "subCourses":"<Array<ObjectId>>",
                            "mainCourseId":"<ObjectID>",
                            "isCampus":"<boolean>",
                            "isOpen":"<boolean>",
                            "createdAt":"<Date>"
                        }
                    }
                },
                "failed":{
                    "success":"<false>",
                    "errorCode":"<string>"
                }
            }
        }
    },
    {
        "link":"<serverUrl>/courses/declineParticipate",
        "type":"put",
        "header":{
            "authorization":"<token>"
        },
        "body":{
            "courseId":"<ObjectID>",
            "pupilId":"<ObjectID>"
        },
        "respond":{
            "body":{
                "succeed":{
                    "success":"<true>",
                    "data":{
                        "course":{
                            "name":"<string>",
                            "description":"<string>",
                            "dates":{
                                "from":"<Date>",
                                "to":"<Date>"
                            },
                            "coreFile":{
                                "link":"<link>",
                                "expireIn":"<Date>"
                            },
                            "participates":"<Array<ObjectID>>",
                            "admins":"<Array<ObjectID>>",
                            "posts":"<Array<ObjectID>>",
                            "reviews":"<Array<ObjectID>>",
                            "subCourses":"<Array<ObjectId>>",
                            "pendingRequests":"<Array<ObjectID>>",
                            "tags":"<Array<string>>",
                            "mainCourseId":"<ObjectID>",
                            "isCampus":"<boolean>",
                            "isOpen":"<boolean>",
                            "createdAt":"<Date>"
                        }
                    }
                },
                "failed":{
                    "success":"<false>",
                    "errorCode":"<string>"
                }
            }
        }
    },
    {
        "link":"<serverUrl>/courses/cancelRequest",
        "type":"put",
        "header":{
            "authorization":"<token>"
        },
        "body":{
            "courseId":"<ObjectID>"
        },
        "respond":{
            "body":{
                "succeed":{
                    "success":"<true>",
                    "data":{
                        "course":{
                            "name":"<string>",
                            "description":"<string>",
                            "dates":{
                                "from":"<Date>",
                                "to":"<Date>"
                            },
                            "coreFile":{
                                "link":"<link>",
                                "expireIn":"<Date>"
                            },
                            "admins":"<Array<ObjectID>>",
                            "participates":"<Array<ObjectID>>",
                            "posts":"<Array<ObjectID>>",
                            "reviews":"<Array<ObjectID>>",
                            "subCourses":"<Array<ObjectId>>",
                            "pendingRequests":"<Array<ObjectID>>",
                            "tags":"<Array<string>>",
                            "mainCourseId":"<ObjectID>",
                            "isCampus":"<boolean>",
                            "isOpen":"<boolean>",
                            "createdAt":"<Date>"
                        }
                    }
                },
                "failed":{
                    "success":"<false>",
                    "errorCode":"<string>"
                }
            }
        }
    },
    {
        "link":"<serverUrl>/courses/removeParticipate",
        "type":"put",
        "header":{
            "authorization":"<token>"
        },
        "body":{
            "courseId":"<ObjectID>",
            "pupilId":"<ObjectID>"
        },
        "respond":{
            "body":{
                "succeed":{
                    "success":"<true>",
                    "data":{
                        "course":{
                            "name":"<string>",
                            "description":"<string>",
                            "dates":{
                                "from":"<Date>",
                                "to":"<Date>"
                            },
                            "coreFile":{
                                "link":"<link>",
                                "expireIn":"<Date>"
                            },
                            "admins":"<Array<ObjectID>>",
                            "participates":"<Array<ObjectID>>",
                            "posts":"<Array<ObjectID>>",
                            "reviews":"<Array<ObjectID>>",
                            "subCourses":"<Array<ObjectId>>",
                            "tags":"<Array<string>>",
                            "pendingRequests":"<Array<ObjectID>>",
                            "mainCourseId":"<ObjectID>",
                            "isCampus":"<boolean>",
                            "isOpen":"<boolean>",
                            "createdAt":"<Date>"
                        }
                    }
                },
                "failed":{
                    "success":"<false>",
                    "errorCode":"<string>"
                }
            }
        }
    },
    {
        "link":"<serverUrl>/courses/request",
        "type":"put",
        "header":{
            "authorization":"<token>"
        },
        "body":{
            "courseId":"<ObjectID>"
        },
        "respond":{
            "body":{
                "succeed":{
                    "success":"<true>",
                    "data":{
                        "course":{
                            "name":"<string>",
                            "description":"<string>",
                            "dates":{
                                "from":"<Date>",
                                "to":"<Date>"
                            },
                            "coreFile":{
                                "link":"<link>",
                                "expireIn":"<Date>"
                            },
                            "admins":"<Array<ObjectID>>",
                            "participates":"<Array<ObjectID>>",
                            "posts":"<Array<ObjectID>>",
                            "reviews":"<Array<ObjectID>>",
                            "subCourses":"<Array<ObjectId>>",
                            "pendingRequests":"<Array<ObjectID>>",
                            "mainCourseId":"<ObjectID>",
                            "tags":"<Array<string>>",
                            "isCampus":"<boolean>",
                            "isOpen":"<boolean>",
                            "createdAt":"<Date>"
                        }
                    }
                },
                "failed":{
                    "success":"<false>",
                    "errorCode":"<string>"
                }
            }
        }
    },
    {
        "link":"<serverUrl>/courses/addParticipate",
        "type":"put",
        "header":{
            "authorization":"<token>"
        },
        "body":{
            "courseId":"<ObjectID>",
            "pupilId":"<ObjectID>"
        },
        "respond":{
            "body":{
                "succeed":{
                    "success":"<true>",
                    "data":{
                        "course":{
                            "name":"<string>",
                            "description":"<string>",
                            "dates":{
                                "from":"<Date>",
                                "to":"<Date>"
                            },
                            "coreFile":{
                                "link":"<link>",
                                "expireIn":"<Date>"
                            },
                            "admins":"<Array<ObjectID>>",
                            "participates":"<Array<ObjectID>>",
                            "posts":"<Array<ObjectID>>",
                            "reviews":"<Array<ObjectID>>",
                            "subCourses":"<Array<ObjectId>>",
                            "pendingRequests":"<Array<ObjectID>>",
                            "mainCourseId":"<ObjectID>",
                            "tags":"<Array<string>>",
                            "isCampus":"<boolean>",
                            "isOpen":"<boolean>",
                            "createdAt":"<Date>"
                        }
                    }
                },
                "failed":{
                    "success":"<false>",
                    "errorCode":"<string>"
                }
            }
        }
    },
    {
        "link":"<serverUrl>/courses/removePost",
        "type":"put",
        "header":{
            "authorization":"<token>"
        },
        "body":{
            "postId":"<ObjectID>"
        },
        "respond":{
            "body":{
                "succeed":{
                    "success":"<true>",
                    "data":{
                        "course":{
                            "name":"<string>",
                            "description":"<string>",
                            "dates":{
                                "from":"<Date>",
                                "to":"<Date>"
                            },
                            "coreFile":{
                                "link":"<link>",
                                "expireIn":"<Date>"
                            },
                            "admins":"<Array<ObjectID>>",
                            "participates":"<Array<ObjectID>>",
                            "posts":"<Array<ObjectID>>",
                            "reviews":"<Array<ObjectID>>",
                            "subCourses":"<Array<ObjectId>>",
                            "pendingRequests":"<Array<ObjectID>>",
                            "mainCourseId":"<ObjectID>",
                            "tags":"<Array<string>>",
                            "isCampus":"<boolean>",
                            "isOpen":"<boolean>",
                            "createdAt":"<Date>"
                        }
                    }
                },
                "failed":{
                    "success":"<false>",
                    "errorCode":"<string>"
                }
            }
        }
    },
    {
        "link":"<serverUrl>/courses/posts",
        "type":"get",
        "header":{
            "authorization":"<token>"
        },
        "queries":{
            "courseId":"<ObjectID>"
        },
        "respond":{
            "body":{
                "succeed":{
                    "success":"<true>",
                    "data":{
                        "posts":"<Array<Post>>"
                    }
                },
                "failed":{
                    "success":"<false>",
                    "errorCode":"<string>"
                }
            }
        }
    },
    {
        "link":"<serverUrl>/courses/",
        "type":"post",
        "header":{
            "authorization":"<token>"
        },
        "body":{
            "name":"<string>",
            "description":"<string>",
            "coreFileLink":"<link>",
            "coreFileExpirationDate":"<Date>",
            "fromDate":"<Date>",
            "toDate":"<Date>",
            "isCampus":"<boolean>",
            "tags":"<Array<string>>"
        },
        "respond":{
            "body":{
                "succeed":{
                    "success":"<true>",
                    "data":{
                        "course":{
                            "name":"<string>",
                            "description":"<string>",
                            "dates":{
                                "from":"<Date>",
                                "to":"<Date>"
                            },
                            "coreFile":{
                                "link":"<link>",
                                "expireIn":"<Date>"
                            },
                            "admins":"<Array<ObjectID>>",
                            "participates":"<Array<ObjectID>>",
                            "posts":"<Array<ObjectID>>",
                            "reviews":"<Array<ObjectID>>",
                            "subCourses":"<Array<ObjectId>>",
                            "pendingRequests":"<Array<ObjectID>>",
                            "mainCourseId":"<ObjectID>",
                            "tags":"<Array<string>>",
                            "isCampus":"<boolean>",
                            "isOpen":"<boolean>",
                            "createdAt":"<Date>"
                        }
                    }
                },
                "failed":{
                    "success":"<false>",
                    "errorCode":"<string>"
                }
            }
        }
    },
    {
        "link":"<serverUrl>/courses/class",
        "type":"post",
        "header":{
            "authorization":"<token>"
        },
        "body":{
            "name":"<string>",
            "description":"<string>",
            "fromDate":"<Date>",
            "toDate":"<Date>",
            "mainCourseId":"<ObjectID>"
        },
        "respond":{
            "body":{
                "succeed":{
                    "success":"<true>",
                    "data":{
                        "course":{
                            "name":"<string>",
                            "description":"<string>",
                            "dates":{
                                "from":"<Date>",
                                "to":"<Date>"
                            },
                            "coreFile":{
                                "link":"<link>",
                                "expireIn":"<Date>"
                            },
                            "admins":"<Array<ObjectID>>",
                            "participates":"<Array<ObjectID>>",
                            "posts":"<Array<ObjectID>>",
                            "reviews":"<Array<ObjectID>>",
                            "subCourses":"<Array<ObjectId>>",
                            "pendingRequests":"<Array<ObjectID>>",
                            "mainCourseId":"<ObjectID>",
                            "tags":"<Array<string>>",
                            "isCampus":"<boolean>",
                            "isOpen":"<boolean>",
                            "createdAt":"<Date>"
                        }
                    }
                },
                "failed":{
                    "success":"<false>",
                    "errorCode":"<string>"
                }
            }
        }
    },
    {
        "link":"<serverUrl>/courses/removeClass",
        "type":"put",
        "header":{
            "authorization":"<token>"
        },
        "body":{
            "mainCourseId":"<ObjectID>",
            "subCourseId":"<ObjectID>"
        },
        "respond":{
            "body":{
                "succeed":{
                    "success":"<true>",
                    "data":{
                        "course":{
                            "name":"<string>",
                            "description":"<string>",
                            "dates":{
                                "from":"<Date>",
                                "to":"<Date>"
                            },
                            "coreFile":{
                                "link":"<link>",
                                "expireIn":"<Date>"
                            },
                            "admins":"<Array<ObjectID>>",
                            "participates":"<Array<ObjectID>>",
                            "posts":"<Array<ObjectID>>",
                            "reviews":"<Array<ObjectID>>",
                            "subCourses":"<Array<ObjectId>>",
                            "pendingRequests":"<Array<ObjectID>>",
                            "mainCourseId":"<ObjectID>",
                            "tags":"<Array<string>>",
                            "isCampus":"<boolean>",
                            "isOpen":"<boolean>",
                            "createdAt":"<Date>"
                        }
                    }
                },
                "failed":{
                    "success":"<false>",
                    "errorCode":"<string>"
                }
            }
        }
    },
    {
        "link":"<serverUrl>/courses/",
        "type":"put",
        "header":{
            "authorization":"<token>"
        },
        "body":{
            "courseId":"<ObjectID>",
            "name":"<string>",
            "description":"<string>",
            "coreFileLink":"<link>",
            "coreFileExpirationDate":"<Date>",
            "fromDate":"<Date>",
            "toDate":"<Date>",
            "isCampus":"<boolean>"
        },
        "respond":{
            "body":{
                "succeed":{
                    "success":"<true>",
                    "data":{
                        "course":{
                            "name":"<string>",
                            "description":"<string>",
                            "dates":{
                                "from":"<Date>",
                                "to":"<Date>"
                            },
                            "coreFile":{
                                "link":"<link>",
                                "expireIn":"<Date>"
                            },
                            "admins":"<Array<ObjectID>>",
                            "participates":"<Array<ObjectID>>",
                            "posts":"<Array<ObjectID>>",
                            "reviews":"<Array<ObjectID>>",
                            "subCourses":"<Array<ObjectId>>",
                            "pendingRequests":"<Array<ObjectID>>",
                            "mainCourseId":"<ObjectID>",
                            "tags":"<Array<string>>",
                            "isCampus":"<boolean>",
                            "isOpen":"<boolean>",
                            "createdAt":"<Date>"
                        }
                    }
                },
                "failed":{
                    "success":"<false>",
                    "errorCode":"<string>"
                }
            }
        }
    },
    {
        "link":"<serverUrl>/courses/open",
        "type":"put",
        "header":{
            "authorization":"<token>"
        },
        "body":{
            "courseId":"<ObjectID>"
        },
        "respond":{
            "body":{
                "succeed":{
                    "success":"<true>",
                    "data":{
                        "course":{
                            "name":"<string>",
                            "description":"<string>",
                            "dates":{
                                "from":"<Date>",
                                "to":"<Date>"
                            },
                            "coreFile":{
                                "link":"<link>",
                                "expireIn":"<Date>"
                            },
                            "admins":"<Array<ObjectID>>",
                            "participates":"<Array<ObjectID>>",
                            "posts":"<Array<ObjectID>>",
                            "reviews":"<Array<ObjectID>>",
                            "subCourses":"<Array<ObjectId>>",
                            "pendingRequests":"<Array<ObjectID>>",
                            "mainCourseId":"<ObjectID>",
                            "tags":"<Array<string>>",
                            "isCampus":"<boolean>",
                            "isOpen":"<boolean>",
                            "createdAt":"<Date>"
                        }
                    }
                },
                "failed":{
                    "success":"<false>",
                    "errorCode":"<string>"
                }
            }
        }
    },
    {
        "link":"<serverUrl>/courses/close",
        "type":"put",
        "header":{
            "authorization":"<token>"
        },
        "body":{
            "courseId":"<ObjectID>"
        },
        "respond":{
            "body":{
                "succeed":{
                    "success":"<true>",
                    "data":{
                        "course":{
                            "name":"<string>",
                            "description":"<string>",
                            "dates":{
                                "from":"<Date>",
                                "to":"<Date>"
                            },
                            "coreFile":{
                                "link":"<link>",
                                "expireIn":"<Date>"
                            },
                            "admins":"<Array<ObjectID>>",
                            "participates":"<Array<ObjectID>>",
                            "posts":"<Array<ObjectID>>",
                            "reviews":"<Array<ObjectID>>",
                            "subCourses":"<Array<ObjectId>>",
                            "pendingRequests":"<Array<ObjectID>>",
                            "mainCourseId":"<ObjectID>",
                            "tags":"<Array<string>>",
                            "isCampus":"<boolean>",
                            "isOpen":"<boolean>",
                            "createdAt":"<Date>"
                        }
                    }
                },
                "failed":{
                    "success":"<false>",
                    "errorCode":"<string>"
                }
            }
        }
    },
    {
        "link":"<serverUrl>/courses/addAdmin",
        "type":"put",
        "header":{
            "authorization":"<token>"
        },
        "body":{
            "courseId":"<ObjectID>",
            "recipientId":"<ObjectID>"
        },
        "respond":{
            "body":{
                "succeed":{
                    "success":"<true>",
                    "data":{
                        "course":{
                            "name":"<string>",
                            "description":"<string>",
                            "dates":{
                                "from":"<Date>",
                                "to":"<Date>"
                            },
                            "coreFile":{
                                "link":"<link>",
                                "expireIn":"<Date>"
                            },
                            "admins":"<Array<ObjectID>>",
                            "participates":"<Array<ObjectID>>",
                            "posts":"<Array<ObjectID>>",
                            "reviews":"<Array<ObjectID>>",
                            "subCourses":"<Array<ObjectId>>",
                            "pendingRequests":"<Array<ObjectID>>",
                            "mainCourseId":"<ObjectID>",
                            "tags":"<Array<string>>",
                            "isCampus":"<boolean>",
                            "isOpen":"<boolean>",
                            "createdAt":"<Date>"
                        }
                    }
                },
                "failed":{
                    "success":"<false>",
                    "errorCode":"<string>"
                }
            }
        }
    },
    {
        "link":"<serverUrl>/courses/removeAdmin",
        "type":"put",
        "header":{
            "authorization":"<token>"
        },
        "body":{
            "courseId":"<ObjectID>",
            "recipientId":"<ObjectID>"
        },
        "respond":{
            "body":{
                "succeed":{
                    "success":"<true>",
                    "data":{
                        "course":{
                            "name":"<string>",
                            "description":"<string>",
                            "dates":{
                                "from":"<Date>",
                                "to":"<Date>"
                            },
                            "coreFile":{
                                "link":"<link>",
                                "expireIn":"<Date>"
                            },
                            "admins":"<Array<ObjectID>>",
                            "participates":"<Array<ObjectID>>",
                            "posts":"<Array<ObjectID>>",
                            "reviews":"<Array<ObjectID>>",
                            "subCourses":"<Array<ObjectId>>",
                            "pendingRequests":"<Array<ObjectID>>",
                            "mainCourseId":"<ObjectID>",
                            "tags":"<Array<string>>",
                            "isCampus":"<boolean>",
                            "isOpen":"<boolean>",
                            "createdAt":"<Date>"
                        }
                    }
                },
                "failed":{
                    "success":"<false>",
                    "errorCode":"<string>"
                }
            }
        }
    },
    {
        "link":"<serverUrl>/courses/search",
        "type":"get",
        "queries":{
            "name":"<string>"
        },
        "respond":{
            "body":{
                "succeed":{
                    "success":"<true>",
                    "data":{
                        "courses":"<Array<Course>>"
                    }
                },
                "failed":{
                    "success":"<false>",
                    "errorCode":"<string>"
                }
            }
        }
    },
    {
        "link":"<serverUrl>/courses/byTags",
        "type":"get",
        "queries":{
            "tags":"<Array<string>>"
        },
        "respond":{
            "body":{
                "succeed":{
                    "success":"<true>",
                    "data":{
                        "courses":"<Array<Course>>"
                    }
                },
                "failed":{
                    "success":"<false>",
                    "errorCode":"<string>"
                }
            }
        }
    },
    {
        "link":"<serverUrl>/courses/review",
        "type":"post",
        "header":{
            "authorization":"<token>"
        },
        "body":{
            "courseId":"<ObjectID>",
            "title":"<string>",
            "description":"<string>"
        },
        "respond":{
            "body":{
                "succeed":{
                    "success":"<true>",
                    "data":{
                        "review":{
                            "title":"<string>",
                            "description":"<string>",
                            "writerId":"<ObjectID>",
                            "writerName":"<string>",
                            "pupilId":"<ObjectID>",
                            "courseId":"<ObjectID>",
                            "courseName":"<string>",
                            "isCourseReview":"<boolean>",
                            "isPublic":"<boolean>",
                            "createdAt":"<Date>"
                        }
                    }
                },
                "failed":{
                    "success":"<false>",
                    "errorCode":"<string>"
                }
            }
        }
    },
    {
        "link":"<serverUrl>/courses/reviews",
        "type":"get",
        "header":{
            "authorization":"<token>"
        },
        "queries":{
            "courseId":"<ObjectID>"
        },
        "respond":{
            "body":{
                "succeed":{
                    "success":"<true>",
                    "data":{
                        "reviews":"<Array<Review>>"
                    }
                },
                "failed":{
                    "success":"<false>",
                    "errorCode":"<string>"
                }
            }
        }
    }
]